STT,English,Vietnamese,,
1,One of the 3 owners of the 2024 Nobel Prize in Chemistry came to Vietnam in 2022 to receive the VinFuture Prize.,Một trong 3 chủ nhân của giải Nobel hóa học 2024 đã từng đến Việt Nam năm 2022 để nhận giải thưởng VinFuture. ,,
2,"From Hanoi, he sent a message to Vietnamese students to dare to dream big things like himself in his youth.","Từ Hà Nội, ông đã gửi lời nhắn tới sinh viên Việt Nam hãy dám mơ những điều lớn lao giống như chính ông thời trẻ.",,
3,"Recently, on her personal page, Dr. Le Mai Lan, Chairman of the Board of Trustees of VinUni University shared a photo she took with Dr. John Jumper (born in 1985) from December 2022.","Mới đây, trên trang cá nhân của mình, TS Lê Mai Lan, Chủ tịch Hội đồng trường ĐH VinUni đã chia sẻ bức ảnh bà chụp với TS John Jumper (sinh năm 1985) từ tháng 12.2022.",,
4,"Sharing with Thanh Nien Newspaper, Dr. Le Mai Lan recalled: ""Dr. John Jumper is one of the two scientists who won the special prize in VinFuture's new fields research 2022 thanks to the work of the artificial intelligence system that decodes the AlphaFold 2 protein.","Chia sẻ với Báo Thanh Niên, TS Lê Mai Lan nhớ lại: ""TS John Jumper là một trong hai nhà khoa học đạt giải đặc biệt trong nghiên cứu các lĩnh vực mới của VinFuture 2022 nhờ công trình hệ thống trí tuệ nhân tạo giải mã protein AlphaFold 2.",,
5,"Before the award ceremony, I met and interviewed John at the Metropole Hotel, Hanoi.","Trước lễ trao giải, tôi đã gặp và phỏng vấn John tại khách sạn Metropole, Hà nội.",,
6,"She is very young, with shaggy hair, khaki pants, and a turtleneck sweater, not much different from the students I still meet every day at VinUni.","Bạn ấy rất trẻ, tóc tai bù xù, quần kaki, áo len cổ lọ, không khác nhiều các sinh viên mà tôi vẫn gặp hàng ngày ở VinUni.",,
7,"At that time, I saw that she was too impressed, the work that her group did was so great.","Khi đó tôi đã thấy bạn ấy quá ấn tượng, công trình mà nhóm bạn ấy làm quá vĩ đại.",,
8,"At that moment, I firmly believed that she would go a long way, and felt honored to meet such a wonderful person!""","Cũng ngay lúc đó tôi đã tin tưởng chắc chắn rằng bạn ấy sẽ còn tiến rất xa, và cảm thấy vinh hạnh được tiếp xúc một người tuyệt vời như vậy!"".",,
9,"The other scientist, the co-owner of the special prize in research in new fields of VinFuture 2022 with Dr. John Jumper, which Dr. Le Mai Lan mentioned above, is Dr. Demis Hassabis, co-founder of Deepmind.","Nhà khoa học còn lại, đồng chủ nhân giải đặc biệt trong nghiên cứu các lĩnh vực mới của VinFuture 2022 với TS John Jumper mà TS Lê Mai Lan nhắc đến ở trên là TS Demis Hassabis, đồng sáng lập Deepmind.",,
10,"Dr. Demis Hassabis is also one of three scientists to be awarded the 2024 Nobel Prize in Chemistry such as Dr. John Jumper (the third is Prof. David Baker, Howard Hughes Medical Institute, University of Washington, USA).","TS Demis Hassabis cũng là một trong số ba nhà khoa học được giải Nobel hóa học 2024 như TS John Jumper (người thứ ba là GS David Baker, Viện Y khoa Howard Hughes, ĐH Washington, Mỹ).",,
11,"For personal reasons, Dr. Hassabis could not fly to Vietnam to receive the VinFuture Award.",Vì lý do cá nhân mà TS Hassabis không thể bay sang Việt Nam nhận giải VinFuture.,,
12,This is my first time in Vietnam.,Đây là lần đầu tiên tôi tới Việt Nam.,,
13,"Your city has an ancient beauty, but it is also very lively.","Thành phố của các bạn có vẻ đẹp cổ kính, nhưng cũng rất náo nhiệt.",,
14,A place that gave me a very great feeling.,Một nơi cho tôi cảm xúc rất tuyệt vời.,,
15,"When I received this award, I was very excited, and at the same time, I was very impressed with the vision of this award.","Khi nhận được giải thưởng này, tôi đã rất phấn khích, đồng thời tôi cũng rất ấn tượng với tầm nhìn của giải thưởng này.",,
16,"I like the way the award honors new areas, areas that are considered pioneers, areas that we are gradually reaching, we hope that is a signal of the beginning.""","Tôi thích cách giải thưởng vinh danh những lĩnh vực mới, những lĩnh vực được coi là tiên phong, những lĩnh vực mà chúng ta đang dần chạm tới, chúng ta hy vọng đó là tín hiệu của sự khởi đầu"".",,
17,"Previously, in a report on the Deepmind team's AlphaFold research, Dr. Demis Hassabis shared the unexpected success of the project","Trước đó, trong một phóng sự về việc nghiên cứu AlphaFold của nhóm Deepmind, TS Demis Hassabis chia sẻ sự thành công bất ngờ của dự án",,
18," It is a process of research, learning for too long, through many stops, and then starting from the beginning.","Đó là một quá trình nghiên cứu, tìm hiểu quá lâu, qua rất nhiều lần dừng lại, rồi lại bắt đầu từ đầu.",,
19,"Many times scientists wonder if they will come to a result, but suddenly a solution appears.",Nhiều lần các nhà khoa học tự hỏi liệu có đi tới kết quả không thì đột nhiên xuất hiện giải pháp.,,
20,"This sharing was commented by a professor at the University of Oxford, UK: ""This is the miracle, the excitement when talking about science.","Chia sẻ này được một giáo sư của ĐH Oxford, Anh bình luận: ""Điều này chính là sự kỳ diệu, là điều hứng khởi khi nói về khoa học.",,
21," You don't know exactly what's going to happen, but there's always something unexpected, and it's a motivation for scientists when they're nervous about what the next surprise will be!""","Bạn không biết chính xác điều gì sẽ xảy ra, vậy nhưng luôn có điều bất ngờ, và nó là động lực cho các nhà khoa học khi họ hồi hộp chưa biết tiếp theo sẽ là điều ngạc nhiên nào!"".",,
22,"When I was a student, I thought I'd do some research in order for my name to be mentioned, even if it's just a sentence in a textbook, about what I've done.","Khi tôi là một sinh viên, tôi đã nghĩ rằng tôi sẽ nghiên cứu lĩnh vực nào đó để tên tôi được nhắc tới, dù chỉ là một câu trong sách giáo khoa, nói về những gì mà tôi đã thực hiện.",,
23,That must be an impressive achievement for me.,Đó hẳn là một thành tựu ấn tượng đối với tôi.,,
24," What I want to tell you is, from the beginning, dream big about big and important things, and who knows, it will happen! That would be really awesome!""","Điều mà tôi muốn gửi gắm tới các bạn đó là, ngay từ khi bắt đầu hãy cứ mơ lớn về những điều lớn lao và quan trọng, và biết đâu đấy, điều đó sẽ diễn ra! Điều đó thực sự sẽ rất tuyệt vời!""",,
25,"Giải thưởng VinFuture là hoạt động trung tâm của Quỹ VinFuture, một tổ chức phi lợi nhuận được đồng sáng lập bởi tỉ phú Phạm Nhật Vượng cùng với phu nhân, bà Phạm Thu Hương. ","Giải thưởng VinFuture là hoạt động trung tâm của Quỹ VinFuture, một tổ chức phi lợi nhuận được đồng sáng lập bởi tỉ phú Phạm Nhật Vượng cùng với phu nhân, bà Phạm Thu Hương.",,
26,"In early October, some users in Vietnam reported that their phones ""unexpectedly"" displayed 5G signal bars, indicating that the device had connected to the new network technology in certain areas.","Đầu tháng 10, một số người dùng tại Việt Nam cho biết điện thoại ""bất ngờ"" hiển thị vạch sóng 5G, cho thấy thiết bị đã kết nối được với công nghệ mạng mới ở một số khu vực nhất định.",,
27,"Viettel will provide commercial 5G services starting in October, with the cheapest package for prepaid subscribers priced at 135,000 VND per month, offering users 4 GB of high-speed 5G data daily.","Viettel sẽ cung cấp dịch vụ 5G thương mại ngay trong tháng 10, với gói cước rẻ nhất dành cho thuê bao trả trước là 135.000 đồng/tháng, người dùng sẽ có 4 GB dữ liệu tốc độ cao 5G mỗi ngày.",,
28,"From October 13, 2024, to November 15, 2024, VinaPhone will offer a free trial of commercial 5G service to its subscribers in areas where the technology is available, offering 50 GB of 5G data for 30 days.","Từ ngày 13.10.2024 đến ngày 15.11.2024, VinaPhone sẽ triển khai trải nghiệm miễn phí mạng 5G thương mại cho thuê bao của mình ở những khu vực đã được phủ sóng công nghệ này, với 50 GB dữ liệu trong 30 ngày.",,
29,"Since winning the auction for 5G spectrum bands, Vietnamese mobile carriers have rapidly installed infrastructure and base stations across the country to meet the commercial rollout of 5G in 2024.","Kể từ sau thời điểm đấu giá thành công các khối băng tần 5G, nhà mạng đã gấp rút triển khai lắp đặt hạ tầng và các trạm thu phát sóng trên toàn quốc để kịp cho kế hoạch phát sóng 5G thương mại ngay trong năm 2024.",,
30,"Despite being an early adopter in planning 5G, Vietnam is relatively late in commercializing the technology compared to other nations, where 5G has been available for several years.","Tuy là một nước đi khá sớm trong việc tiếp cận và vạch lộ trình 5G, Việt Nam lại đang thương mại hóa công nghệ này khá muộn so với thế giới, nơi 5G đã có mặt từ nhiều năm trước.",,
31,"Although suitable for industrial applications, ordinary users can still benefit from commercial 5G and its superior connection speeds, which can reach up to 10 Gbps under optimal conditions.","Tuy phù hợp với nhu cầu công nghiệp hơn, người dùng phổ thông vẫn có thể sử dụng 5G thương mại và tận dụng ưu điểm về tốc độ kết nối mà công nghệ mạng này mang lại, với tốc độ tối đa có thể đạt tới 10 Gbps.",,
32,"Han Kang, the famous author of ""The Vegetarian"", who just won the 2024 Nobel Prize in Literature, said she writes to question herself and explore the suffering and loss of humanity. Her creative achievements are a source of pride for Korean literature.","Han Kang, tác giả nổi tiếng của 'Người ăn chay', người vừa giành giải Nobel Văn chương 2024, cho biết bà viết để chất vấn bản thân, khám phá những đau khổ và mất mát của con người. Thành tựu sáng tác của bà là niềm tự hào cho văn học Hàn Quốc.",,
33,"The Swedish Academy, which organizes the annual Nobel Prize, awarded the 2024 Nobel Prize in Literature to Han Kang for her ""poetic narratives that highlight the traumas of history and the fragments of human life.""","Viện Hàn lâm Thụy Điển, ban tổ chức giải thưởng Nobel thường niên, quyết định trao giải Nobel Văn chương 2024 cho Han Kang vì bà đã sáng tác ""những dòng tự sự đậm chất thơ, làm nổi bật những sang chấn của lịch sử cũng như những mảnh vụn của cuộc đời con người.""",,
34,"Following Han Kang's Nobel Prize win, online bookstores were overwhelmed as readers rushed to purchase her books, leading to a surge in demand across South Korea, with the public and media celebrating her achievement.","Sau khi Han Kang đoạt giải Nobel Văn chương, khán giả và độc giả Hàn Quốc vỡ òa. Nhiều cửa hàng sách trực tuyến bị quá tải vì lượng độc giả tìm mua sách của bà tăng bất thường, và báo chí Hàn Quốc liên tục đăng tin về sự kiện này.",,
35,"South Korean President Yoon Suk Yeol, while on a business trip to Laos, congratulated Han Kang on her win, calling it a monumental achievement for Korean literary history and a national celebration that brings joy to the people.","Tổng thống Hàn Quốc Yoon Suk Yeol, đang có chuyến công tác tại Lào, sau khi hay tin Han Kang đoạt giải đã có phát ngôn chúc mừng bà, gọi đây là thành tựu to lớn của văn học Hàn Quốc và là ngày lễ quốc gia, mang lại niềm vui cho người dân.",,
36,"Han Kang is the 121st person to receive the Nobel Prize, the 18th female laureate, and the second Korean after former President Kim Dae Jung, who won the Nobel Peace Prize 24 years ago.","Han Kang là người thứ 121 nhận giải Nobel, là tác giả nữ thứ 18 vinh dự được trao giải này, và là người Hàn Quốc thứ 2 sau cựu Tổng thống Kim Dae Jung, người đoạt giải Nobel Hòa bình 24 năm trước.",,
37,"Han Kang's novel The Vegetarian, which gained her international fame, was also introduced to Vietnamese readers early on with the Vietnamese translation under the title ""Người ăn chay"". Her other works, Human Acts and The White Book, have also been translated into Vietnamese.","Tiểu thuyết Người ăn chay của Han Kang, tác phẩm giúp bà nổi tiếng trên toàn cầu, cũng đã được giới thiệu sớm với bạn đọc Việt Nam dưới tựa ""Người ăn chay"". Hai cuốn khác của bà là Bản chất của người và Trắng cũng đã được dịch sang tiếng Việt.",,
38,"According to a survey conducted by YoungMinds, published on October 10, teachers play a crucial role in supporting students' mental health because many students do not receive assistance from the National Health Service (NHS).","Theo khảo sát của Tổ chức YoungMinds công bố ngày 10.10, giáo viên đóng vai trò quan trọng trong việc hỗ trợ sức khỏe tâm thần của học sinh vì nhiều học sinh không nhận được sự hỗ trợ từ Dịch vụ y tế quốc gia (NHS).",,
39,"The national survey showed that 3 out of 4 teachers put the mental health needs of their students before teaching at least once a week, often pausing lessons to help students in need or adjusting teaching methods.","Kết quả khảo sát toàn quốc cho thấy cứ mỗi 4 giáo viên thì có 3 thầy/cô đặt nhu cầu được chăm sóc sức khỏe tinh thần của học sinh lên trước việc giảng dạy ít nhất một lần/tuần, thường phải tạm dừng bài học để giúp đỡ học sinh gặp khó khăn hoặc điều chỉnh phương pháp dạy học.",,
40,"With thousands of young people waiting for psychological support, teachers have no choice but to step in and help students as much as possible. The mental health crisis in schools has reached a critical point.","Với hàng nghìn thanh thiếu niên đang chờ đợi sự hỗ trợ từ chuyên gia tâm lý, đội ngũ giáo viên trong trường không còn lựa chọn nào khác ngoài việc giúp đỡ học sinh hết sức có thể. Cuộc khủng hoảng về sức khỏe tâm thần tại trường học đã đến mức nghiêm trọng.",,
41,"A survey conducted with 1,002 primary and secondary school teachers found that about 24% of teachers believe that some students in their classrooms need mental health support.",Cuộc khảo sát được thực hiện với 1.002 giáo viên tiểu học và trung học cho thấy khoảng 24% giáo viên cho rằng một số học sinh trong lớp của họ cần được hỗ trợ về sức khỏe tâm thần.,,
42,"Around 78% of teachers believe that students' mental health has worsened since they began teaching, and nearly 90% of them feel they have to take on additional duties to support students' mental health.","Khoảng 78% giáo viên cho rằng sức khỏe tâm thần của học sinh đã trở nên tồi tệ hơn kể từ khi họ bắt đầu giảng dạy, và gần 90% giáo viên cho rằng họ phải kiêm thêm nhiệm vụ hỗ trợ sức khỏe tâm thần cho học sinh.",,
43,"Data from the UK Parliament’s Children’s Commission showed that in the 2022-2023 school year, 949,200 children and adolescents needed NHS mental health services, but 270,300 had to wait for support, with wait times ranging from 4 to 147 days.","Dữ liệu từ Ủy ban Vì trẻ em của Quốc hội Anh cho thấy trong năm học 2022-2023, có 949.200 trẻ em và thanh thiếu niên cần dịch vụ chăm sóc sức khỏe tâm thần của NHS, nhưng 270.300 trẻ phải chờ hỗ trợ với thời gian chờ đợi dao động từ 4 đến 147 ngày.",,
44,"Achieving at least 300 minutes of moderate exercise like brisk walking or 150 minutes of vigorous activity each week can help prevent high blood pressure, equivalent to about 43 minutes of brisk walking per day.","Đạt được ít nhất 300 phút tập luyện vừa phải như đi bộ nhanh hoặc 150 phút tập luyện mạnh mẽ mỗi tuần có thể có tác dụng phòng ngừa tăng huyết áp, tương đương với đi bộ nhanh 43 phút mỗi ngày.",,
45,"High blood pressure, often called the ""silent killer,"" is a serious condition that affects billions of people worldwide. It can lead to heart attacks, strokes, and many other health issues.","Huyết áp cao, thường được gọi là ""kẻ giết người thầm lặng"", là tình trạng nghiêm trọng ảnh hưởng đến hàng tỉ người trên toàn thế giới. Nó có thể dẫn đến đau tim, đột quỵ và nhiều vấn đề sức khỏe khác.",,
46,"A study conducted by researchers from the University of California, San Francisco, on over 5,100 adults tracked participants' physical activity and health for three decades, revealing a direct link between physical activity and blood pressure levels.","Nghiên cứu của các nhà khoa học từ Đại học California, San Francisco, trên hơn 5.100 người trưởng thành đã theo dõi sức khỏe của họ trong 3 thập kỷ, cho thấy mối liên hệ trực tiếp giữa mức độ hoạt động thể chất và huyết áp.",,
47,"The results showed that those who maintained regular exercise in their 40s had the lowest rates of high blood pressure by age 45, especially among women, and by age 60, their risk of hypertension was halved.","Kết quả cho thấy những người duy trì tập thể dục đều đặn ở độ tuổi 40 có tỷ lệ huyết áp cao thấp nhất vào tuổi 45, đặc biệt là ở phụ nữ, và đến năm 60 tuổi, nguy cơ tăng huyết áp của họ đã giảm một nửa.",,
48,"Dr. Jason Nagata, the lead author and a specialist in young adult medicine at UCSF, noted that nearly half of people in their 40s engage in very little physical activity, significantly increasing their risk of developing high blood pressure.","Bác sĩ Jason Nagata, tác giả chính và là chuyên gia về y học dành cho người trẻ tuổi tại UCSF, cho biết gần một nửa số người ở độ tuổi 40 tập thể dục rất ít, điều này làm tăng đáng kể nguy cơ mắc huyết áp cao.",,
49,"Those who did not maintain regular exercise by their 40s face a significantly higher risk of developing high blood pressure later in life, underscoring the importance of sustained physical activity.","Những người không duy trì tập thể dục đều đặn vào độ tuổi 40 sẽ phải đối mặt với nguy cơ mắc huyết áp cao rất cao về sau, nhấn mạnh tầm quan trọng của việc duy trì hoạt động thể chất liên tục.",,
50,"The study found that engaging in moderate physical activity for about 43 minutes daily, especially from middle age, significantly reduces the risk of developing high blood pressure as one ages, particularly when continued into the 60s.","Nghiên cứu cho thấy việc tham gia vào hoạt động thể chất vừa phải khoảng 43 phút mỗi ngày, đặc biệt từ tuổi trung niên, sẽ giảm đáng kể nguy cơ mắc huyết áp cao khi về già, đặc biệt khi duy trì đến năm 60 tuổi.",,
51,A woman was telling her friend “It is I who made my husband a millionaire.”,Một phụ nữ nói với bạn của cô ấy:”Chính tôi là người làm chồng tôi thành một triệu phú.”,,
52,"A UK-based think tank called the New Economies 
Foundation has a 
definition that it has been promoting through something 
it calls “The Happy Planet Index” (HPI)","Một cố vấn người Anh đến từ tổ chức New Economies Foundation, người đã có một định nghĩa được quảng bá rộng rãi thông điệp thông qua chỉ số được gọi là Chỉ số Hành tinh Hạnh phúc (HPI)",,
53,"In 1968, the Beatles came out with a song
 called “Money Can’t Buy Me Love”","Vào năm 1968, ban nhạc the Beatles đã sáng tác bài hát có tên gọi “Tiền không thể mua được tình yêu”. ",,
54,"The idea that money, or material goods, doesn’t equal happiness has since become somewhat clichéd",Suy nghĩ rằng tiền hoặc vật chất không thể sánh ngang bằng hạnh phúc đã trở nên hơi sáo rỗng.,,
55,A UK-based think tank called the New Economies Foundation has a definition that it has been promoting through something it calls “The Happy Planet Index” (HPI).,"Một cố vấn người Anh đến từ tổ chức New Economies Foundation, người đã có một định nghĩa được quảng bá rộng rãi thông điệp thông qua chỉ số được gọi là Chỉ số Hành tinh Hạnh phúc (HPI)",,
56,"You may or may not be surprised that wealthy Western countries, often regarded as the epitome of success, do not rank highly on the recently released 2016 Happy Planet Index","Bạn có thể hoặc không ngạc nhiên rằng các nước phương Tây giàu có, thường được coi là mẫu mực của sự thành công, không được xếp hạng cao những năm gần đây về Chỉ số Hành tinh Hạnh phúc vào năm 2016.",,
57,"The United States, for example, is ranked in 108th place","Ví dụ, Hoa Kỳ được xếp hạng ở vị trí thứ 108",,
58,So who’s at the top?,Vậy thì ai đứng đầu?,,
59," The Central American state of Costa Rica, followed by Mexico, Columbia and Vanuatu","Đất nước Trung Mỹ như Costa Rica, đứng kế tiếp là Mexico, Colombia và Vanuatu",,
60,And in fifth place – and first in Asia – Viet Nam,Và ở vị trí thứ năm – và lần đầu tiên ở châu Á là Việt Nam,,
61,A country ranked by the World Bank as “lower-middle income” – is far happier than the largest economy in the world?,Một đất nước từng được đánh giá bởi ngân hàng thế giới là một đất nước có thu nhập dưới trung bình lại hạnh phúc hơn các nền kinh tế lớn nhất thế giới,,
62,So what’s Viet Nam’s secret?,Vậy bí ẩn về đất nước Việt Nam là gì?,,
63,So is it just about the happiness of the planet?,Vậy có phải chỉ số đó là sự hạnh phúc của hành tinh?,,
64,Not at all,Không hẳn là vậy,,
65,"In terms of life expectancy, Viet Nam is doing pretty well, too.","Xét về sự mong đợi trong cuộc sống, Việt nam đang làm khá tốt. ",,
66,"Life expectancy in the US, with all its state-of-the-art medicine and research, is not much higher – only 78.8.","Tuổi thọ trung bình ở Mỹ, với tất cả nền y học và nghiên cứu tiên tiến nhất, nhưng tuổi thọ không cao lắm- chỉ 78,8.",,
67,"And by the way, it’s possible to have both – environmental sustainability and long life","Bằng cách này, một đất nước có thể có cả hai: Môi trường bền vững và tuổi thọ cao",,
68,"Spain, for example, achieves a life expectancy of 82, with half the ecological footprint of the United States’.","Như nước Tây Ban Nha, con người ở đây đạt đươc tuổi thọ là 82, với một nửa dấu ấn sinh thái so với nước Mỹ.",,
69,"Costa Ricans have higher wellbeing than the residents of many rich nations, and live longer than people in the US","Những người Costa Rica có phúc lợi cao hơn những người dân ở các quốc gia giàu có khác, và họ sống lâu hơn so với người Mỹ",,
70,This is achieved with a per capita ecological footprint that’s just one-third the size of the US’.,Điều này đạt được với dấn ấn sinh thái quân đầu người đó chỉ bẳng 1/3 so với Mỹ,,
71,"Costa Rica is a world leader in environmental protection, with 99 per cent of its electricity generated by renewable sources","Costa Rica là một nhà lãnh đạo thế giới trong việc bảo vệ môi trường, với 99% điện năng được tạo ra bởi các nguồn năng lượng tái tạo.",,
72,It must not recur,Điều này không được phép tái diễn.,,
73," If you wait too long, you miss them","Nếu bạn chờ đợi lâu quá, bạn sẽ mất nó",,
74,Think in the morning,suy nghĩ vào buổi sáng,,
75,Act in the noon,Hành động vào buổi trưa,,
76,"Normally, tires have a lifespan of around 25,000-50,000 km, or 5-7 years, depending on the terrain, driving style, and type of tires used.","Thông thường, lốp có tuổi thọ khoảng 25.000-50.000 km, hoặc 5-7 năm tùy vào địa hình, cách lái xe và loại lốp sử dụng.",,
77,"Uneven tire wear is described as a pitted surface, where it can be imagined as if someone used a spoon to ""scoop out"" patches of the tire, spreading across the entire surface of the tire.","Lốp mòn không đều được mô tả như bề mặt lốp bị mòn một cách lỗ chỗ, có thể tưởng tượng như có người dùng muỗng và ""xúc"" từng mảng lốp, trải dài khắp bề mặt của lốp.",,
78,"Uneven tire wear also causes the tires to lose balance, leading to the vehicle pulling to the left or right, even when the steering wheel is straight.","Lốp mòn không đều còn gây ra hiện tượng lốp không còn độ cân bằng, khiến xe bị ""xỉa lái"" sang trái hoặc phải, ngay cả khi vô-lăng đang thẳng.",,
79,"The chemical composition of stainless steel prevents oxygen in the air and environment from coming into contact with the iron in the steel, thereby blocking the harmful oxidation reaction.","Thành phần hóa học của thép không gỉ ngăn oxy trong không khí và môi trường tiếp xúc với sắt trong thép, qua đó chặn phản ứng oxy hóa có hại",,
80,"Mild steel is an alloy that contains 99% iron and about 0.2 - 1% carbon, while stainless steel typically contains around 62 - 75% iron, 1% carbon, and more than 10.5% chromium.","Thép thường là hợp kim chứa 99% sắt và khoảng 0,2 - 1% carbon, trong khi thép không gỉ thường chứa khoảng 62 - 75% sắt, 1% carbon, và hơn 10,5% crom.",,
81,Stainless steel was developed in 1912 by British metallurgist Harry Brearley while researching steel alloys to prevent corrosion in gun barrels.,Thép không gỉ được phát triển vào năm năm 1912 bởi chuyên gia luyện kim người Anh Harry Brearle khi nghiên cứu hợp kim thép để ngăn ăn mòn trong nòng súng.,,
82,"The Vietnam Electricity Group (EVN) has just announced that the average retail electricity price has increased from 2,006.79 VND to 2,103.11 VND per kWh (excluding VAT), equivalent to a 4.8% increase.","Tập đoàn Điện lực Việt Nam (EVN) vừa thông báo giá bán lẻ điện bình quân (giá điện) tăng từ 2.006,79 đồng lên 2.103,11 đồng một kWh (chưa gồm thuế VAT), tương đương mức tăng 4,8%.",,
83,"The FBI has created a cryptocurrency on the Ethereum platform to track, detect, and charge dozens of individuals involved in ""pump and dump"" schemes and fraud.","FBI tạo ra một đồng tiền số trên nền tảng Ethereum nhằm theo dõi, phát hiện và buộc tội hàng chục người có âm mưu ""bơm xả"", lừa đảo.",,
84,"The U.S. government has announced the findings of an investigation by the Federal Bureau of Investigation (FBI) into a scheme to manipulate the cryptocurrency market, revealing that the agency created the NexFundAI coin ""with the collaboration of several witnesses.""","Chính phủ Mỹ công bố kết quả điều tra của Cục Điều tra Liên bang (FBI) nhằm vào kế hoạch thao túng thị trường tiền số, trong đó tiết lộ cơ quan này đã tạo ra đồng NexFundAI ""với sự cộng tác của một số nhân chứng"".",,
85,Pump and dump refers to a scheme where some individuals buy large amounts of cryptocurrency from a low-value project and spread news to create a fear of missing out (FOMO).,"Bơm xả (pump and dump) có nghĩa một số người sẽ mua lượng lớn tiền số từ một dự án có giá trị thấp, kết hợp tung tin tức để tạo tâm lý sợ bị bỏ lỡ (FOMO).",,
86,U.S. police have reported an increasing number of thefts where criminals follow delivery trucks and steal iPhones when delivery personnel leave them at the recipient's doorstep.,"Cảnh sát Mỹ ghi nhận ngày càng nhiều vụ trộm trong đó kẻ gian đi theo xe giao hàng, đánh cắp iPhone khi nhân viên đặt chúng trước cửa nhà người nhận.",,
87,Fox26 Houston reported that Deer Park police have arrested two young men in connection with a series of package thefts involving iPhone 16s at the end of September.,Fox26 Houston đưa tin cảnh sát Deer Park đã bắt hai thanh niên liên quan đến một loạt vụ lấy gói hàng có điện thoại iPhone 16 cuối tháng 9.,,
88,Another factor that makes AT&T packages easy to steal is the carrier's policy of often not requiring a recipient's signature.,Một yếu tố khác khiến gói hàng AT&T dễ bị lấy là chính sách của nhà mạng này thường không yêu cầu chữ ký người nhận.,,
89,"Not only in Texas, but security camera footage has shown similar thefts occurring in New York, Pennsylvania, Delaware, Virginia, Michigan, Georgia, and Florida.","Không chỉ ở Texas, các video từ camera an ninh cho thấy nhiều vụ trộm tương tự xảy ra ở New York, Pennsylvania, Delaware, Virginia, Michigan, Georgia hay Florida.",,
90,"AMD has announced the Instinct MI325X graphics processor, targeting AI training data centers and directly competing with Nvidia's H200.","AMD công bố bộ xử lý đồ họa Instinct MI325X, hướng đến các trung tâm dữ liệu huấn luyện AI, trực tiếp đối đầu với Nvidia H200.",,
91,"AMD stated that the Instinct MI325X will enter mass production in Q4 2024 and will be compatible with systems from Dell, Eviden, Gigabyte, Hewlett Packard Enterprise, Lenovo, and Supermicro.","AMD cho biết Instinct MI325X sẽ được sản xuất hàng loạt trong quý IV/2024, tương thích với hệ thống từ Dell, Eviden, Gigabyte, Hewlett Packard Enterprise, Lenovo, Supermicro,",,
92,"At the product launch event, AMD aimed to capture market share from its competitors or at least secure a significant portion of the estimated $500 billion market by 2028.","Tại sự kiện ra mắt sản phẩm, AMD đặt mục tiêu giành thị phần từ đối thủ hoặc ít nhất chiếm một phần lớn trong thị trường ước tính trị giá 500 tỷ USD vào 2028.",,
93,"With the MI325X, AMD is accelerating its product launch schedule to release new chips annually in order to better compete with Nvidia and take advantage of the booming market.","Với MI325X, AMD đang tăng tốc lịch trình ra mắt sản phẩm để phát hành chip mới hàng năm nhằm cạnh tranh tốt hơn với Nvidia và tận dụng sự bùng nổ của thị trường.",,
94,Geoffrey Hinton is concerned that artificial intelligence will surpass human intelligence within the next 20 years and emphasizes the necessity for more in-depth research on AI safety.,Geoffrey Hinton lo ngại trí tuệ nhân tạo sẽ thông minh hơn con người trong vòng 20 năm tới và nhấn mạnh sự cần thiết phải nghiên cứu sâu hơn về an toàn AI.,,
95,"Geoffrey Hinton believes that the CEO of OpenAI is more focused on profit than on safety, which he considers ""regrettable.""","Geoffrey Hinton cho rằng CEO OpenAI đang quan tâm đến lợi nhuận hơn là sự an toàn, điều ông cho là ""đáng tiếc"".",,
96,"In 2018, Hinton, along with Yoshua Bengio and Yan LeCun, was awarded the Turing Award, a prestigious prize in the field of computer science.","Năm 2018, Hinton cùng Yoshua Bengio và Yan LeCun được trao giải Turning - giải thưởng danh giá trong lĩnh vực khoa học máy tính.",,
97,"Meta has announced the expansion of its Meta AI tool, which operates similarly to ChatGPT, to 21 new countries, including the Vietnamese market.","Meta thông báo mở rộng công cụ Meta AI, hoạt động tương tự ChatGPT, đến 21 quốc gia mới, trong đó có thị trường Việt Nam.",,
98,Meta AI also allows users to learn detailed information about a post they see on Facebook or Instagram.,Meta AI cũng cho phép người dùng tìm hiểu thông tin chi tiết về một bài đăng mà họ thấy trên Facebook hoặc Instagram.,,
99,Vietnam aims to have 5G mobile networks cover 99% of the population by 2030 and is prepared to begin testing 6G.,Việt Nam đặt mục tiêu đến năm 2030 có mạng di động 5G phủ sóng 99% dân số và sẵn sàng triển khai thử nghiệm 6G.,,
100,"6G is the next step after 5G and is expected to achieve speeds of one terabit per second, meaning that on average, users could download 142 hours of Netflix content at the highest resolution every second.","6G là bước tiến tiếp theo của 5G và ước đạt tốc độ một terabit/giây, tức trung bình mỗi giây, người dùng có thể tải 142 giờ nội dung Netflix ở độ phân giải cao nhất.",,
101,"Mrs. Yen has been doing this job for more than 20 years, but she has never felt tired or bored.",Công việc này bà Yến đã làm hơn 20 năm nhưng chưa bao giờ bà thấy mệt mỏi hay chán nản.,,
102,"""Cooking is easy to talk about, but to stick with it, I think you need to have heart, especially working without minding the effort,"" shared Mrs. Yen.","""Nấu ăn nói thì dễ nhưng để gắn bó với nó tôi nghĩ cần có tấm lòng và đặc biệt làm không nệ công như thế này"", bà Yến chia sẻ.",,
103,"To prepare thousands of free meals on time, Mrs. Yen and others have no moment to rest.","Để kịp nấu cả ngàn suất cơm 0 đồng, bà Yến và những người khác không có phút nào ngơi tay.",,
104,"""Rice and some vegetables are all donated by benefactors.","""Gạo và một số rau củ quả đều được các nhà hảo tâm góp cho.",,
105,"We have to calculate how to change the dishes, alternating daily meals while keeping them nutritious,"" said Mrs. Yen as she put the pot of rice on the stove.","Các nguyên liệu này chúng tôi phải tính toán để làm sao thay đổi món, nấu luân phiên món ăn hằng ngày nhưng dinh dưỡng"", bà Yến nói rồi bắc nồi cơm lên bếp.",,
106,"The charity kitchen of the Red Cross Society and the Association for Supporting Poor Patients of Duong Dong Ward is located at Phu Quoc City Medical Center, covering only about 30 square meters, but Mrs. Yen and others have arranged it neatly.","Bếp ăn tình thương của Hội chữ thập đỏ, hội Bảo trợ bệnh nhân nghèo phường Dương Đông được đặt ở Trung tâm Y tế TP Phú Quốc chỉ vỏn vẹn khoảng 30m2, nhưng được bà Yến và các cô chú khác bố trí ngăn nắp, gọn gàng.",,
107,The kitchen used for cooking is just a large gas stove.,Bếp dùng nấu ăn cũng chỉ là cái bếp gas lớn.,,
108,"Receiving a meal, Mrs. Le Thi Anh Thu (from Ham Ninh Commune, Phu Quoc City) said: ""My child has been receiving kidney treatment here for a long time.","Nhận một phần cơm, bà Lê Thị Ánh Thu (ở xã Hàm Ninh, TP Phú Quốc) nói: ""Con tôi bệnh thận nằm điều trị ở đây lâu rồi.",,
109,"My family is struggling and can't afford my child's treatment, but luckily, this charity kitchen provides free rice and porridge, so I feel much relieved.","Nhà khó khăn không đủ tiền trị bệnh cho con tôi nhưng may mắn có bếp ăn tình thương này cho cơm, cháo miễn phí nên tôi đỡ lắm.",,
110,The rice cooked here by the ladies tastes just like home.,Cơm đây các cô nấu ngon đúng vị nhà làm.,,
111,"In this difficult situation, even though the meal sometimes consists of vegetables or tofu, the effort they put into cooking is deeply appreciated.""","Rơi vào cảnh ngặt nghèo này dù có khi bữa cơm có rau, củ hay đậu hũ nhưng cô chú bỏ công nấu thì quý biết bao nhiêu"".",,
112,"Another personal story comes from Ms. Do Bich Tuyen, who shared: ""If it weren't for this kitchen, even if I worked hard collecting recyclables on the streets, I still wouldn't have enough food for my children.","Một cảnh đời riêng khác là chị Đỗ Bích Tuyền lại là những chia sẻ qua lúc ngặt: ""Nếu không có bếp ăn này, tôi có đi vất vả lượm ve chai ngoài đường cũng chưa chắc có đủ cái ăn cho con.",,
113,"I have many children, and my husband works hard at sea all year without saving much, but luckily, I found out about this kitchen and asked to help out.""","Nhà nghèo, con đông, chồng đi biển quần quật cả năm cũng không có dư dả gì, may mắn tôi biết được bếp ăn này rồi xin vô phụ việc"".",,
114,Helping abandoned infants find a family home,iúp trẻ sơ sinh bị bỏ rơi có mái ấm gia đình,,
115,"Ms. Tran Thi Bich Lieu, who adopted an abandoned boy in Phu Quoc, said that when she heard the Duong Dong Ward Charity Association had helped an abandoned baby boy and the local authorities announced they were looking for the child's relatives (but no one has come forward), she decided to visit.",Chị Trần Thị Bích Liễu - người nhận nuôi cháu trai bị bỏ rơi ở Phú Quốc - cho biết khi hay tin Hội Bảo trợ bệnh nhân nghèo phường Dương Đông vừa giúp đỡ một bé trai bị bỏ rơi và địa phương thông báo tìm người thân (nhưng đến nay không ai nhận cha mẹ ruột hay người thân của cháu) chị đã tìm đến.,,
116,"""I have been staying here with the child for the past few days and am completing the adoption paperwork because no biological parents have come to claim him,"" shared Ms. Lieu.","""Mấy ngày nay tôi ở đây với cháu và đang làm thủ tục xin con nuôi vì không có cha mẹ ruột đến nhận"", chị Liễu chia sẻ.",,
117,"Ms. Cam Chi also mentioned that in recent years, many people from different places have moved to Phu Quoc to work and live, and there are quite a few poor laborers.",Bà Cẩm Chí cũng cho biết Phú Quốc những năm gần đây dân tứ xứ cũng đổ về mần ăn sinh sống nhiều và người lao động nghèo cũng không ít.,,
118,"Life is hard and impoverished, leading to some people who cannot afford to raise their children and end up giving them away or abandoning them.","Cuộc sống khó khăn, nghèo khổ nên kéo theo số ít người sinh con ra rồi không đủ điều kiện nuôi đem đi cho hoặc bỏ rơi.",,
119,"""When children are abandoned by their parents, we help and advocate for them, taking care of them until they find a new family,"" said Ms. Chi.","""Các cháu bị cha mẹ bỏ rơi, chúng tôi hay được đều giúp đỡ và vận động để chăm lo đến khi các cháu có gia đình mới"", bà Chí nói.",,
120,The charity kitchen was established in 2003.,Bếp ăn tình thương được thành lập từ năm 2003.,,
121,"To keep the fire burning and cook these loving meals, besides mobilizing benefactors, Mrs. Nguyen Thi Cam Chi, vice president of the Duong Dong Ward Charity Association (Phu Quoc City), sometimes even spent 100 million VND of her own money to buy food for poor patients.","Để bếp đỏ lửa nấu lên những suất ăn yêu thương, ngoài vận động nhà hảo tâm, bà Nguyễn Thị Cẩm Chí - phó chủ tịch Hội Bảo trợ bệnh nhân nghèo phường Dương Đông (TP Phú Quốc) - có lúc còn bỏ tiền túi ra 100 triệu đồng mua thực phẩm nấu cho bệnh nhân nghèo.",,
122,"""Those who have money contribute money, those with strength contribute labor. No one begrudges anyone, and we all work happily. As long as the poor and sick can overcome their hardships, the rest of us will enthusiastically support them,"" Mrs. Chi generously said, in her distinct Southern accent.","""Ai có của giúp của, ai có sức góp công. Làm việc không ai nạnh ai và rất vui vẻ. Miễn sao bà con nghèo, bệnh nhân nghèo vượt qua nghịch cảnh thì tôi và các cô chú còn lại đều nhiệt tình ủng hộ hết"", bà Chí hào sảng nói rặt theo lối miền Tây.",,
123,"The people of Phu Quoc are compassionate and generous, helping each other in times of hardship.",Người dân Phú Quốc nghĩa tình và hào sảng giúp đỡ nhau trong những lúc thắt ngặt khó khăn là vậy.,,
124,"Therefore, in addition to the 1,000 daily servings of porridge and rice, the local community has also established a live blood bank (currently about 40-50 people) ready to donate blood when a patient is in need.","Do đó, ngoài 1.000 suất cháo, cơm mỗi ngày, địa phương còn thành lập ngân hàng máu sống (hiện khoảng 40 - 50 người) sẵn sàng cho máu khi có người bệnh cần.",,
125,"Every day a good news, every week a beautiful story","Mỗi ngày một tin tốt, mỗi tuần một câu chuyện đẹp",,
